{
  "display": {
    "title": "Space Castle",
    "favicon": "favicon_asset"
  },
  "owner": "",
  "contact": {
    "name": "Iapaya-f7cb3a",
    "email": ""
  },
  "main": "bin/game.js",
  "tags": [],
  "scene": {
    "parcels": [
      "0,0",
      "0,1",
      "0,2",
      "1,0",
      "1,1",
      "1,2",
      "2,0",
      "2,1",
      "2,2"
    ],
    "base": "0,0"
  },
  "communications": {
    "type": "webrtc",
    "signalling": "https://signalling-01.decentraland.org"
  },
  "policy": {
    "contentRating": "E",
    "fly": true,
    "voiceEnabled": true,
    "blacklist": [],
    "teleportPosition": ""
  },
  "source": {
    "version": 1,
    "origin": "builder",
    "projectId": "bea947d1-ffee-4b08-ba9b-bd9bf700fd14",
    "point": {
      "x": 0,
      "y": 0
    },
    "rotation": "east",
    "layout": {
      "rows": 3,
      "cols": 3
    }
  }
}